CountryCode,CountryName,Year,Current_Account,FDI_Inflows,GDP_Growth,GDP_per_Capita,Govt_Debt,Inflation,Unemployment
ARE,United Arab Emirates,2020,13.1295797567307,5.56735667729859,-8.69343363776639,37991.738387966,-0.158257983947341,-2.07940317940944,4.294
ARE,United Arab Emirates,2021,13.1295797567307,4.89230595097426,4.55280140106356,44118.4936214315,1.57508528702397,0.179935336174431,3.105
ARE,United Arab Emirates,2022,13.1295797567307,4.44591398367961,7.51452414254605,50759.7590190204,0.907809297881396,5.29122604376849,2.872
ARE,United Arab Emirates,2023,13.1295797567307,5.87183983564899,4.30113648499413,49850.6945082084,1.49444647701173,1.62670837213248,2.151
ARE,United Arab Emirates,2024,14.4792979326645,8.26261604873876,3.99181200361831,50273.5126243239,1.27158921671582,1.66336510224894,2.16
ARE,United Arab Emirates,2025,14.4792979326645,8.26261604873876,3.99181200361831,50273.5126243239,1.27158921671582,1.250865245598,2.174
BRA,Brazil,2020,-1.64103541830151,2.59263795310275,-3.2767587964736,7074.19378337644,-3.57855007970056,3.21176803803376,13.697
BRA,Brazil,2021,-2.35822097223117,2.77979084938159,4.76260437908608,7972.5366498646,2.68673261538923,8.30165975585673,13.158
BRA,Brazil,2022,-2.14967698505073,3.8680317970139,3.01669435393015,9281.33334441234,0.404972063324474,9.28010608956873,9.231
BRA,Brazil,2023,-1.23139445763703,2.86383344298207,3.24165532906981,10377.5892792557,-0.508795535226929,4.59356282283204,7.947
BRA,Brazil,2024,-2.9880142706208,3.38960808548439,3.41931516501906,10310.5486973693,1.52640208253162,4.36746407652337,6.801
BRA,Brazil,2025,-2.92630139201733,3.40696865505948,2.2857464902475,10713.2856869511,1.52640208253162,5.01675279604836,5.97
CHN,China,2020,1.49179592498582,1.68770756292082,2.33950385203023,10627.4637989619,1.27158921671582,2.41942189457782,5.0
CHN,China,2021,1.6339546037037,1.8903454142588,8.57038414981781,12887.4357242941,1.27158921671582,0.981015135544882,4.55
CHN,China,2022,2.20640460953834,1.03841365474349,3.13385438394069,12970.6056414327,1.27158921671582,1.97357555739051,4.98
CHN,China,2023,1.40681103517507,0.280991103634816,5.41600334492955,12951.1782397043,1.27158921671582,0.234836828893051,4.67
CHN,China,2024,2.46818591485776,0.227695125306895,4.95830378788091,13293.1162269366,1.27158921671582,0.218128938439177,4.59
CHN,China,2025,3.76972243689338,0.410194399848574,4.95994886240992,13861.970224368,1.27158921671582,0.0595646916565403,4.615
DEU,Germany,2020,6.34782686016016,4.48523547812751,-4.13191443239947,47394.8734504469,1.27158921671582,0.144877925813982,3.881
DEU,Germany,2021,6.92006966375342,2.93002168676674,3.90999994204108,52349.2459994422,1.27158921671582,3.06666666666673,3.594
DEU,Germany,2022,4.11376375249819,1.82269397984058,1.8092581243061,50506.5179638543,1.27158921671582,6.87257438551097,3.137
DEU,Germany,2023,5.50327392607703,1.99210813981277,-0.869647578573321,54776.7668235491,1.27158921671582,5.94643667725823,3.071
DEU,Germany,2024,5.89380863529108,1.33680512940413,-0.495851897260366,56103.7323182554,1.27158921671582,2.2564981433876,3.4
DEU,Germany,2025,4.50585617378113,1.88462297077013,0.239578342117881,60496.4350820414,1.27158921671582,2.17178770949721,3.711
GBR,United Kingdom,2020,-2.92883387550299,5.77039185007421,-10.047896637362,40815.1255364787,3.91260966150834,0.989486703772491,4.472
GBR,United Kingdom,2021,-0.752836357784013,3.20643815254935,8.5431118453255,47695.6491523474,1.26222094398989,2.51837109614213,4.864
GBR,United Kingdom,2022,-2.06737101121871,2.91635435189931,5.14970388522993,47034.7795621476,-1.09405493870665,7.92204883147902,3.768
GBR,United Kingdom,2023,-3.57676183842871,0.403116734836793,0.271650048355255,49919.6896621586,0.500551565967726,6.79396706793963,4.025
GBR,United Kingdom,2024,-2.95960422411904,-0.350561573947678,1.08027716858781,53341.3131094262,0.0247281289210512,3.2715729463592,4.361
GBR,United Kingdom,2025,-2.42693271936225,1.91447167382408,1.38844207858726,57601.9621201954,0.0247281289210512,3.88306881626,4.746
IND,India,2020,1.22362111042791,2.40620322673636,-5.77772470687303,1907.04251637669,1.48838740493255,6.6234367762853,7.859
IND,India,2021,-1.05524166809383,1.41217101040888,9.68959249191741,2239.61384367482,1.48838740493255,5.13140747176364,6.38
IND,India,2022,-2.43238270956779,1.53665241748393,7.6093649776932,2279.98145719369,1.48838740493255,6.69903414079858,4.822
IND,India,2023,-0.912777939495827,0.802254995836756,7.210224629335,2434.44826340989,1.48838740493255,5.64914318907925,4.172
IND,India,2024,-0.851289719084462,0.721648483526777,7.09927893176518,2591.9916607122,1.48838740493255,4.95303550973661,4.173
IND,India,2025,-0.416854153498652,0.988285383995246,7.56666179284244,2702.47987141553,1.48838740493255,2.39884954182294,4.219
JPN,Japan,2020,2.8911777788158,1.20605775501323,-4.28327942675573,41098.9739004553,1.27158921671582,-0.024995834027731,2.809
JPN,Japan,2021,3.76057343034324,0.67025659122188,3.56419531474475,41580.739040705,1.27158921671582,-0.233352779398264,2.808
JPN,Japan,2022,2.0281112293848,1.08260095152642,1.33164750653741,35548.2645222433,1.27158921671582,2.49770278172255,2.614
JPN,Japan,2023,3.61127531871255,0.456297698647986,0.720785304749811,35215.003535366,1.27158921671582,3.26813365933163,2.6
JPN,Japan,2024,4.62202410018024,0.450454817292247,-0.240084236041696,33797.1014287876,1.27158921671582,2.73853681635241,2.5
JPN,Japan,2025,4.86496093471918,1.03278551644542,1.19311288444599,35951.0449549304,1.27158921671582,3.17253034260248,2.451
SGP,Singapore,2020,17.6975168735289,22.5843942948636,-3.61084281729929,61772.5036492256,7.86772307612887,-0.172111865925382,4.1
SGP,Singapore,2021,19.2527773366463,32.2624851402185,10.1410845197192,80884.8565369236,13.4265628595766,2.31610315765146,4.64
SGP,Singapore,2022,18.9227008880076,28.0305519383786,4.01027884472296,91227.6970426492,3.54079942426392,6.13095418919732,3.591
SGP,Singapore,2023,16.3916456531586,24.607056245637,1.45026775889565,86382.5900499252,14.6725874525573,4.83372362825798,3.444
SGP,Singapore,2024,17.2010838902762,23.5787255966584,5.3435120192366,94896.5621495988,12.164056562502,2.38951123595017,2.737
SGP,Singapore,2025,16.7132387250529,26.3447254389071,5.02588199508003,98813.9788172877,12.164056562502,0.902998495002676,2.818
USA,United States,2020,-2.77659039897534,0.641236014628299,-2.081375977796,64465.2971415748,8.07581430157573,1.23358439630629,8.055
USA,United States,2021,-3.61901225446136,2.01451214498067,6.15202247867526,71441.2319805947,-4.99410785249463,4.69785886363742,5.349
USA,United States,2022,-3.81177015326345,1.60006208497274,2.52421385073222,78008.6895811877,0.678025780769579,8.00279982052121,3.65
USA,United States,2023,-3.33680827263036,1.30141768246586,2.93436322440155,82586.7847707894,0.970178289807061,4.11633838374488,3.638
USA,United States,2024,-4.04564637199117,1.01391858895004,2.79318715363841,86169.6641581917,0.260411175324415,2.94952520485207,4.022
USA,United States,2025,-3.62698693844919,1.30166689957978,2.16138195623856,90026.5163005744,0.260411175324415,2.94952520485207,4.198
ZAF,South Africa,2020,2.00352275153333,0.933073684352391,-6.1689177146757,5580.60383075189,2.64073733386689,3.23238831615113,29.217
ZAF,South Africa,2021,3.7724136934501,9.68098022663018,4.85864865060148,6828.75624590017,-0.318598512578042,4.61874544887136,34.007
ZAF,South Africa,2022,-0.296182598127432,2.26670277731613,2.05813661692193,6534.24867783397,0.0264272958160272,7.03987272546482,33.268
ZAF,South Africa,2023,-1.10356312207881,1.0127377916456,0.80610455095804,6034.27208964673,-0.138107052029171,6.0752438457966,32.098
ZAF,South Africa,2024,-0.64279979707505,0.580891709673066,0.534843531905139,6267.186814093,0.844410394181289,4.36115246518962,32.279
ZAF,South Africa,2025,-0.422766754018983,-0.505823116244258,1.11462608103956,6597.71450918774,0.844410394181289,3.20550474112603,32.391
