CountryCode,CountryName,IndicatorCode,IndicatorName,Year,Value
AE,United Arab Emirates,NY.GDP.MKTP.KD.ZG,GDP Growth (%),2025,
AE,United Arab Emirates,NY.GDP.MKTP.KD.ZG,GDP Growth (%),2024,3.99181200361831
AE,United Arab Emirates,NY.GDP.MKTP.KD.ZG,GDP Growth (%),2023,4.30113648499413
AE,United Arab Emirates,NY.GDP.MKTP.KD.ZG,GDP Growth (%),2022,7.51452414254605
AE,United Arab Emirates,NY.GDP.MKTP.KD.ZG,GDP Growth (%),2021,4.55280140106356
AE,United Arab Emirates,NY.GDP.MKTP.KD.ZG,GDP Growth (%),2020,-8.69343363776639
BR,Brazil,NY.GDP.MKTP.KD.ZG,GDP Growth (%),2025,2.2857464902475
BR,Brazil,NY.GDP.MKTP.KD.ZG,GDP Growth (%),2024,3.41931516501906
BR,Brazil,NY.GDP.MKTP.KD.ZG,GDP Growth (%),2023,3.24165532906981
BR,Brazil,NY.GDP.MKTP.KD.ZG,GDP Growth (%),2022,3.01669435393015
BR,Brazil,NY.GDP.MKTP.KD.ZG,GDP Growth (%),2021,4.76260437908608
BR,Brazil,NY.GDP.MKTP.KD.ZG,GDP Growth (%),2020,-3.2767587964736
CN,China,NY.GDP.MKTP.KD.ZG,GDP Growth (%),2025,4.95994886240992
CN,China,NY.GDP.MKTP.KD.ZG,GDP Growth (%),2024,4.95830378788091
CN,China,NY.GDP.MKTP.KD.ZG,GDP Growth (%),2023,5.41600334492955
CN,China,NY.GDP.MKTP.KD.ZG,GDP Growth (%),2022,3.13385438394069
CN,China,NY.GDP.MKTP.KD.ZG,GDP Growth (%),2021,8.57038414981781
CN,China,NY.GDP.MKTP.KD.ZG,GDP Growth (%),2020,2.33950385203023
DE,Germany,NY.GDP.MKTP.KD.ZG,GDP Growth (%),2025,0.239578342117881
DE,Germany,NY.GDP.MKTP.KD.ZG,GDP Growth (%),2024,-0.495851897260366
DE,Germany,NY.GDP.MKTP.KD.ZG,GDP Growth (%),2023,-0.869647578573321
DE,Germany,NY.GDP.MKTP.KD.ZG,GDP Growth (%),2022,1.8092581243061
DE,Germany,NY.GDP.MKTP.KD.ZG,GDP Growth (%),2021,3.90999994204108
DE,Germany,NY.GDP.MKTP.KD.ZG,GDP Growth (%),2020,-4.13191443239947
GB,United Kingdom,NY.GDP.MKTP.KD.ZG,GDP Growth (%),2025,1.38844207858726
GB,United Kingdom,NY.GDP.MKTP.KD.ZG,GDP Growth (%),2024,1.08027716858781
GB,United Kingdom,NY.GDP.MKTP.KD.ZG,GDP Growth (%),2023,0.271650048355255
GB,United Kingdom,NY.GDP.MKTP.KD.ZG,GDP Growth (%),2022,5.14970388522993
GB,United Kingdom,NY.GDP.MKTP.KD.ZG,GDP Growth (%),2021,8.5431118453255
GB,United Kingdom,NY.GDP.MKTP.KD.ZG,GDP Growth (%),2020,-10.047896637362
IN,India,NY.GDP.MKTP.KD.ZG,GDP Growth (%),2025,7.56666179284244
IN,India,NY.GDP.MKTP.KD.ZG,GDP Growth (%),2024,7.09927893176518
IN,India,NY.GDP.MKTP.KD.ZG,GDP Growth (%),2023,7.210224629335
IN,India,NY.GDP.MKTP.KD.ZG,GDP Growth (%),2022,7.6093649776932
IN,India,NY.GDP.MKTP.KD.ZG,GDP Growth (%),2021,9.68959249191741
IN,India,NY.GDP.MKTP.KD.ZG,GDP Growth (%),2020,-5.77772470687303
JP,Japan,NY.GDP.MKTP.KD.ZG,GDP Growth (%),2025,1.19311288444599
JP,Japan,NY.GDP.MKTP.KD.ZG,GDP Growth (%),2024,-0.240084236041696
JP,Japan,NY.GDP.MKTP.KD.ZG,GDP Growth (%),2023,0.720785304749811
JP,Japan,NY.GDP.MKTP.KD.ZG,GDP Growth (%),2022,1.33164750653741
JP,Japan,NY.GDP.MKTP.KD.ZG,GDP Growth (%),2021,3.56419531474475
JP,Japan,NY.GDP.MKTP.KD.ZG,GDP Growth (%),2020,-4.28327942675573
SG,Singapore,NY.GDP.MKTP.KD.ZG,GDP Growth (%),2025,5.02588199508003
SG,Singapore,NY.GDP.MKTP.KD.ZG,GDP Growth (%),2024,5.3435120192366
SG,Singapore,NY.GDP.MKTP.KD.ZG,GDP Growth (%),2023,1.45026775889565
SG,Singapore,NY.GDP.MKTP.KD.ZG,GDP Growth (%),2022,4.01027884472296
SG,Singapore,NY.GDP.MKTP.KD.ZG,GDP Growth (%),2021,10.1410845197192
SG,Singapore,NY.GDP.MKTP.KD.ZG,GDP Growth (%),2020,-3.61084281729929
US,United States,NY.GDP.MKTP.KD.ZG,GDP Growth (%),2025,2.16138195623856
US,United States,NY.GDP.MKTP.KD.ZG,GDP Growth (%),2024,2.79318715363841
US,United States,NY.GDP.MKTP.KD.ZG,GDP Growth (%),2023,2.93436322440155
US,United States,NY.GDP.MKTP.KD.ZG,GDP Growth (%),2022,2.52421385073222
US,United States,NY.GDP.MKTP.KD.ZG,GDP Growth (%),2021,6.15202247867526
US,United States,NY.GDP.MKTP.KD.ZG,GDP Growth (%),2020,-2.081375977796
ZA,South Africa,NY.GDP.MKTP.KD.ZG,GDP Growth (%),2025,1.11462608103956
ZA,South Africa,NY.GDP.MKTP.KD.ZG,GDP Growth (%),2024,0.534843531905139
ZA,South Africa,NY.GDP.MKTP.KD.ZG,GDP Growth (%),2023,0.80610455095804
ZA,South Africa,NY.GDP.MKTP.KD.ZG,GDP Growth (%),2022,2.05813661692193
ZA,South Africa,NY.GDP.MKTP.KD.ZG,GDP Growth (%),2021,4.85864865060148
ZA,South Africa,NY.GDP.MKTP.KD.ZG,GDP Growth (%),2020,-6.1689177146757
AE,United Arab Emirates,NY.GDP.PCAP.CD,GDP per Capita (USD),2025,
AE,United Arab Emirates,NY.GDP.PCAP.CD,GDP per Capita (USD),2024,50273.5126243239
AE,United Arab Emirates,NY.GDP.PCAP.CD,GDP per Capita (USD),2023,49850.6945082084
AE,United Arab Emirates,NY.GDP.PCAP.CD,GDP per Capita (USD),2022,50759.7590190204
AE,United Arab Emirates,NY.GDP.PCAP.CD,GDP per Capita (USD),2021,44118.4936214315
AE,United Arab Emirates,NY.GDP.PCAP.CD,GDP per Capita (USD),2020,37991.738387966
BR,Brazil,NY.GDP.PCAP.CD,GDP per Capita (USD),2025,10713.2856869511
BR,Brazil,NY.GDP.PCAP.CD,GDP per Capita (USD),2024,10310.5486973693
BR,Brazil,NY.GDP.PCAP.CD,GDP per Capita (USD),2023,10377.5892792557
BR,Brazil,NY.GDP.PCAP.CD,GDP per Capita (USD),2022,9281.33334441234
BR,Brazil,NY.GDP.PCAP.CD,GDP per Capita (USD),2021,7972.5366498646
BR,Brazil,NY.GDP.PCAP.CD,GDP per Capita (USD),2020,7074.19378337644
CN,China,NY.GDP.PCAP.CD,GDP per Capita (USD),2025,13861.970224368
CN,China,NY.GDP.PCAP.CD,GDP per Capita (USD),2024,13293.1162269366
CN,China,NY.GDP.PCAP.CD,GDP per Capita (USD),2023,12951.1782397043
CN,China,NY.GDP.PCAP.CD,GDP per Capita (USD),2022,12970.6056414327
CN,China,NY.GDP.PCAP.CD,GDP per Capita (USD),2021,12887.4357242941
CN,China,NY.GDP.PCAP.CD,GDP per Capita (USD),2020,10627.4637989619
DE,Germany,NY.GDP.PCAP.CD,GDP per Capita (USD),2025,60496.4350820414
DE,Germany,NY.GDP.PCAP.CD,GDP per Capita (USD),2024,56103.7323182554
DE,Germany,NY.GDP.PCAP.CD,GDP per Capita (USD),2023,54776.7668235491
DE,Germany,NY.GDP.PCAP.CD,GDP per Capita (USD),2022,50506.5179638543
DE,Germany,NY.GDP.PCAP.CD,GDP per Capita (USD),2021,52349.2459994422
DE,Germany,NY.GDP.PCAP.CD,GDP per Capita (USD),2020,47394.8734504469
GB,United Kingdom,NY.GDP.PCAP.CD,GDP per Capita (USD),2025,57601.9621201954
GB,United Kingdom,NY.GDP.PCAP.CD,GDP per Capita (USD),2024,53341.3131094262
GB,United Kingdom,NY.GDP.PCAP.CD,GDP per Capita (USD),2023,49919.6896621586
GB,United Kingdom,NY.GDP.PCAP.CD,GDP per Capita (USD),2022,47034.7795621476
GB,United Kingdom,NY.GDP.PCAP.CD,GDP per Capita (USD),2021,47695.6491523474
GB,United Kingdom,NY.GDP.PCAP.CD,GDP per Capita (USD),2020,40815.1255364787
IN,India,NY.GDP.PCAP.CD,GDP per Capita (USD),2025,2702.47987141553
IN,India,NY.GDP.PCAP.CD,GDP per Capita (USD),2024,2591.9916607122
IN,India,NY.GDP.PCAP.CD,GDP per Capita (USD),2023,2434.44826340989
IN,India,NY.GDP.PCAP.CD,GDP per Capita (USD),2022,2279.98145719369
IN,India,NY.GDP.PCAP.CD,GDP per Capita (USD),2021,2239.61384367482
IN,India,NY.GDP.PCAP.CD,GDP per Capita (USD),2020,1907.04251637669
JP,Japan,NY.GDP.PCAP.CD,GDP per Capita (USD),2025,35951.0449549304
JP,Japan,NY.GDP.PCAP.CD,GDP per Capita (USD),2024,33797.1014287876
JP,Japan,NY.GDP.PCAP.CD,GDP per Capita (USD),2023,35215.003535366
JP,Japan,NY.GDP.PCAP.CD,GDP per Capita (USD),2022,35548.2645222433
JP,Japan,NY.GDP.PCAP.CD,GDP per Capita (USD),2021,41580.739040705
JP,Japan,NY.GDP.PCAP.CD,GDP per Capita (USD),2020,41098.9739004553
SG,Singapore,NY.GDP.PCAP.CD,GDP per Capita (USD),2025,98813.9788172877
SG,Singapore,NY.GDP.PCAP.CD,GDP per Capita (USD),2024,94896.5621495988
SG,Singapore,NY.GDP.PCAP.CD,GDP per Capita (USD),2023,86382.5900499252
SG,Singapore,NY.GDP.PCAP.CD,GDP per Capita (USD),2022,91227.6970426492
SG,Singapore,NY.GDP.PCAP.CD,GDP per Capita (USD),2021,80884.8565369236
SG,Singapore,NY.GDP.PCAP.CD,GDP per Capita (USD),2020,61772.5036492256
US,United States,NY.GDP.PCAP.CD,GDP per Capita (USD),2025,90026.5163005744
US,United States,NY.GDP.PCAP.CD,GDP per Capita (USD),2024,86169.6641581917
US,United States,NY.GDP.PCAP.CD,GDP per Capita (USD),2023,82586.7847707894
US,United States,NY.GDP.PCAP.CD,GDP per Capita (USD),2022,78008.6895811877
US,United States,NY.GDP.PCAP.CD,GDP per Capita (USD),2021,71441.2319805947
US,United States,NY.GDP.PCAP.CD,GDP per Capita (USD),2020,64465.2971415748
ZA,South Africa,NY.GDP.PCAP.CD,GDP per Capita (USD),2025,6597.71450918774
ZA,South Africa,NY.GDP.PCAP.CD,GDP per Capita (USD),2024,6267.186814093
ZA,South Africa,NY.GDP.PCAP.CD,GDP per Capita (USD),2023,6034.27208964673
ZA,South Africa,NY.GDP.PCAP.CD,GDP per Capita (USD),2022,6534.24867783397
ZA,South Africa,NY.GDP.PCAP.CD,GDP per Capita (USD),2021,6828.75624590017
ZA,South Africa,NY.GDP.PCAP.CD,GDP per Capita (USD),2020,5580.60383075189
AE,United Arab Emirates,FP.CPI.TOTL.ZG,Inflation (%),2025,1.250865245598
AE,United Arab Emirates,FP.CPI.TOTL.ZG,Inflation (%),2024,1.66336510224894
AE,United Arab Emirates,FP.CPI.TOTL.ZG,Inflation (%),2023,1.62670837213248
AE,United Arab Emirates,FP.CPI.TOTL.ZG,Inflation (%),2022,5.29122604376849
AE,United Arab Emirates,FP.CPI.TOTL.ZG,Inflation (%),2021,0.179935336174431
AE,United Arab Emirates,FP.CPI.TOTL.ZG,Inflation (%),2020,-2.07940317940944
BR,Brazil,FP.CPI.TOTL.ZG,Inflation (%),2025,5.01675279604836
BR,Brazil,FP.CPI.TOTL.ZG,Inflation (%),2024,4.36746407652337
BR,Brazil,FP.CPI.TOTL.ZG,Inflation (%),2023,4.59356282283204
BR,Brazil,FP.CPI.TOTL.ZG,Inflation (%),2022,9.28010608956873
BR,Brazil,FP.CPI.TOTL.ZG,Inflation (%),2021,8.30165975585673
BR,Brazil,FP.CPI.TOTL.ZG,Inflation (%),2020,3.21176803803376
CN,China,FP.CPI.TOTL.ZG,Inflation (%),2025,0.0595646916565403
CN,China,FP.CPI.TOTL.ZG,Inflation (%),2024,0.218128938439177
CN,China,FP.CPI.TOTL.ZG,Inflation (%),2023,0.234836828893051
CN,China,FP.CPI.TOTL.ZG,Inflation (%),2022,1.97357555739051
CN,China,FP.CPI.TOTL.ZG,Inflation (%),2021,0.981015135544882
CN,China,FP.CPI.TOTL.ZG,Inflation (%),2020,2.41942189457782
DE,Germany,FP.CPI.TOTL.ZG,Inflation (%),2025,2.17178770949721
DE,Germany,FP.CPI.TOTL.ZG,Inflation (%),2024,2.2564981433876
DE,Germany,FP.CPI.TOTL.ZG,Inflation (%),2023,5.94643667725823
DE,Germany,FP.CPI.TOTL.ZG,Inflation (%),2022,6.87257438551097
DE,Germany,FP.CPI.TOTL.ZG,Inflation (%),2021,3.06666666666673
DE,Germany,FP.CPI.TOTL.ZG,Inflation (%),2020,0.144877925813982
GB,United Kingdom,FP.CPI.TOTL.ZG,Inflation (%),2025,3.88306881626
GB,United Kingdom,FP.CPI.TOTL.ZG,Inflation (%),2024,3.2715729463592
GB,United Kingdom,FP.CPI.TOTL.ZG,Inflation (%),2023,6.79396706793963
GB,United Kingdom,FP.CPI.TOTL.ZG,Inflation (%),2022,7.92204883147902
GB,United Kingdom,FP.CPI.TOTL.ZG,Inflation (%),2021,2.51837109614213
GB,United Kingdom,FP.CPI.TOTL.ZG,Inflation (%),2020,0.989486703772491
IN,India,FP.CPI.TOTL.ZG,Inflation (%),2025,2.39884954182294
IN,India,FP.CPI.TOTL.ZG,Inflation (%),2024,4.95303550973661
IN,India,FP.CPI.TOTL.ZG,Inflation (%),2023,5.64914318907925
IN,India,FP.CPI.TOTL.ZG,Inflation (%),2022,6.69903414079858
IN,India,FP.CPI.TOTL.ZG,Inflation (%),2021,5.13140747176364
IN,India,FP.CPI.TOTL.ZG,Inflation (%),2020,6.6234367762853
JP,Japan,FP.CPI.TOTL.ZG,Inflation (%),2025,3.17253034260248
JP,Japan,FP.CPI.TOTL.ZG,Inflation (%),2024,2.73853681635241
JP,Japan,FP.CPI.TOTL.ZG,Inflation (%),2023,3.26813365933163
JP,Japan,FP.CPI.TOTL.ZG,Inflation (%),2022,2.49770278172255
JP,Japan,FP.CPI.TOTL.ZG,Inflation (%),2021,-0.233352779398264
JP,Japan,FP.CPI.TOTL.ZG,Inflation (%),2020,-0.024995834027731
SG,Singapore,FP.CPI.TOTL.ZG,Inflation (%),2025,0.902998495002676
SG,Singapore,FP.CPI.TOTL.ZG,Inflation (%),2024,2.38951123595017
SG,Singapore,FP.CPI.TOTL.ZG,Inflation (%),2023,4.83372362825798
SG,Singapore,FP.CPI.TOTL.ZG,Inflation (%),2022,6.13095418919732
SG,Singapore,FP.CPI.TOTL.ZG,Inflation (%),2021,2.31610315765146
SG,Singapore,FP.CPI.TOTL.ZG,Inflation (%),2020,-0.172111865925382
US,United States,FP.CPI.TOTL.ZG,Inflation (%),2025,
US,United States,FP.CPI.TOTL.ZG,Inflation (%),2024,2.94952520485207
US,United States,FP.CPI.TOTL.ZG,Inflation (%),2023,4.11633838374488
US,United States,FP.CPI.TOTL.ZG,Inflation (%),2022,8.00279982052121
US,United States,FP.CPI.TOTL.ZG,Inflation (%),2021,4.69785886363742
US,United States,FP.CPI.TOTL.ZG,Inflation (%),2020,1.23358439630629
ZA,South Africa,FP.CPI.TOTL.ZG,Inflation (%),2025,3.20550474112603
ZA,South Africa,FP.CPI.TOTL.ZG,Inflation (%),2024,4.36115246518962
ZA,South Africa,FP.CPI.TOTL.ZG,Inflation (%),2023,6.0752438457966
ZA,South Africa,FP.CPI.TOTL.ZG,Inflation (%),2022,7.03987272546482
ZA,South Africa,FP.CPI.TOTL.ZG,Inflation (%),2021,4.61874544887136
ZA,South Africa,FP.CPI.TOTL.ZG,Inflation (%),2020,3.23238831615113
AE,United Arab Emirates,SL.UEM.TOTL.ZS,Unemployment (%),2025,2.174
AE,United Arab Emirates,SL.UEM.TOTL.ZS,Unemployment (%),2024,2.16
AE,United Arab Emirates,SL.UEM.TOTL.ZS,Unemployment (%),2023,2.151
AE,United Arab Emirates,SL.UEM.TOTL.ZS,Unemployment (%),2022,2.872
AE,United Arab Emirates,SL.UEM.TOTL.ZS,Unemployment (%),2021,3.105
AE,United Arab Emirates,SL.UEM.TOTL.ZS,Unemployment (%),2020,4.294
BR,Brazil,SL.UEM.TOTL.ZS,Unemployment (%),2025,5.97
BR,Brazil,SL.UEM.TOTL.ZS,Unemployment (%),2024,6.801
BR,Brazil,SL.UEM.TOTL.ZS,Unemployment (%),2023,7.947
BR,Brazil,SL.UEM.TOTL.ZS,Unemployment (%),2022,9.231
BR,Brazil,SL.UEM.TOTL.ZS,Unemployment (%),2021,13.158
BR,Brazil,SL.UEM.TOTL.ZS,Unemployment (%),2020,13.697
CN,China,SL.UEM.TOTL.ZS,Unemployment (%),2025,4.615
CN,China,SL.UEM.TOTL.ZS,Unemployment (%),2024,4.59
CN,China,SL.UEM.TOTL.ZS,Unemployment (%),2023,4.67
CN,China,SL.UEM.TOTL.ZS,Unemployment (%),2022,4.98
CN,China,SL.UEM.TOTL.ZS,Unemployment (%),2021,4.55
CN,China,SL.UEM.TOTL.ZS,Unemployment (%),2020,5.0
DE,Germany,SL.UEM.TOTL.ZS,Unemployment (%),2025,3.711
DE,Germany,SL.UEM.TOTL.ZS,Unemployment (%),2024,3.4
DE,Germany,SL.UEM.TOTL.ZS,Unemployment (%),2023,3.071
DE,Germany,SL.UEM.TOTL.ZS,Unemployment (%),2022,3.137
DE,Germany,SL.UEM.TOTL.ZS,Unemployment (%),2021,3.594
DE,Germany,SL.UEM.TOTL.ZS,Unemployment (%),2020,3.881
GB,United Kingdom,SL.UEM.TOTL.ZS,Unemployment (%),2025,4.746
GB,United Kingdom,SL.UEM.TOTL.ZS,Unemployment (%),2024,4.361
GB,United Kingdom,SL.UEM.TOTL.ZS,Unemployment (%),2023,4.025
GB,United Kingdom,SL.UEM.TOTL.ZS,Unemployment (%),2022,3.768
GB,United Kingdom,SL.UEM.TOTL.ZS,Unemployment (%),2021,4.864
GB,United Kingdom,SL.UEM.TOTL.ZS,Unemployment (%),2020,4.472
IN,India,SL.UEM.TOTL.ZS,Unemployment (%),2025,4.219
IN,India,SL.UEM.TOTL.ZS,Unemployment (%),2024,4.173
IN,India,SL.UEM.TOTL.ZS,Unemployment (%),2023,4.172
IN,India,SL.UEM.TOTL.ZS,Unemployment (%),2022,4.822
IN,India,SL.UEM.TOTL.ZS,Unemployment (%),2021,6.38
IN,India,SL.UEM.TOTL.ZS,Unemployment (%),2020,7.859
JP,Japan,SL.UEM.TOTL.ZS,Unemployment (%),2025,2.451
JP,Japan,SL.UEM.TOTL.ZS,Unemployment (%),2024,2.5
JP,Japan,SL.UEM.TOTL.ZS,Unemployment (%),2023,2.6
JP,Japan,SL.UEM.TOTL.ZS,Unemployment (%),2022,2.614
JP,Japan,SL.UEM.TOTL.ZS,Unemployment (%),2021,2.808
JP,Japan,SL.UEM.TOTL.ZS,Unemployment (%),2020,2.809
SG,Singapore,SL.UEM.TOTL.ZS,Unemployment (%),2025,2.818
SG,Singapore,SL.UEM.TOTL.ZS,Unemployment (%),2024,2.737
SG,Singapore,SL.UEM.TOTL.ZS,Unemployment (%),2023,3.444
SG,Singapore,SL.UEM.TOTL.ZS,Unemployment (%),2022,3.591
SG,Singapore,SL.UEM.TOTL.ZS,Unemployment (%),2021,4.64
SG,Singapore,SL.UEM.TOTL.ZS,Unemployment (%),2020,4.1
US,United States,SL.UEM.TOTL.ZS,Unemployment (%),2025,4.198
US,United States,SL.UEM.TOTL.ZS,Unemployment (%),2024,4.022
US,United States,SL.UEM.TOTL.ZS,Unemployment (%),2023,3.638
US,United States,SL.UEM.TOTL.ZS,Unemployment (%),2022,3.65
US,United States,SL.UEM.TOTL.ZS,Unemployment (%),2021,5.349
US,United States,SL.UEM.TOTL.ZS,Unemployment (%),2020,8.055
ZA,South Africa,SL.UEM.TOTL.ZS,Unemployment (%),2025,32.391
ZA,South Africa,SL.UEM.TOTL.ZS,Unemployment (%),2024,32.279
ZA,South Africa,SL.UEM.TOTL.ZS,Unemployment (%),2023,32.098
ZA,South Africa,SL.UEM.TOTL.ZS,Unemployment (%),2022,33.268
ZA,South Africa,SL.UEM.TOTL.ZS,Unemployment (%),2021,34.007
ZA,South Africa,SL.UEM.TOTL.ZS,Unemployment (%),2020,29.217
AE,United Arab Emirates,GC.AST.TOTL.GD.ZS,Govt Debt (% of GDP),2025,
AE,United Arab Emirates,GC.AST.TOTL.GD.ZS,Govt Debt (% of GDP),2024,1.27158921671582
AE,United Arab Emirates,GC.AST.TOTL.GD.ZS,Govt Debt (% of GDP),2023,1.49444647701173
AE,United Arab Emirates,GC.AST.TOTL.GD.ZS,Govt Debt (% of GDP),2022,0.907809297881396
AE,United Arab Emirates,GC.AST.TOTL.GD.ZS,Govt Debt (% of GDP),2021,1.57508528702397
AE,United Arab Emirates,GC.AST.TOTL.GD.ZS,Govt Debt (% of GDP),2020,-0.158257983947341
BR,Brazil,GC.AST.TOTL.GD.ZS,Govt Debt (% of GDP),2025,
BR,Brazil,GC.AST.TOTL.GD.ZS,Govt Debt (% of GDP),2024,1.52640208253162
BR,Brazil,GC.AST.TOTL.GD.ZS,Govt Debt (% of GDP),2023,-0.508795535226929
BR,Brazil,GC.AST.TOTL.GD.ZS,Govt Debt (% of GDP),2022,0.404972063324474
BR,Brazil,GC.AST.TOTL.GD.ZS,Govt Debt (% of GDP),2021,2.68673261538923
BR,Brazil,GC.AST.TOTL.GD.ZS,Govt Debt (% of GDP),2020,-3.57855007970056
CN,China,GC.AST.TOTL.GD.ZS,Govt Debt (% of GDP),2025,
CN,China,GC.AST.TOTL.GD.ZS,Govt Debt (% of GDP),2024,
CN,China,GC.AST.TOTL.GD.ZS,Govt Debt (% of GDP),2023,
CN,China,GC.AST.TOTL.GD.ZS,Govt Debt (% of GDP),2022,
CN,China,GC.AST.TOTL.GD.ZS,Govt Debt (% of GDP),2021,
CN,China,GC.AST.TOTL.GD.ZS,Govt Debt (% of GDP),2020,
DE,Germany,GC.AST.TOTL.GD.ZS,Govt Debt (% of GDP),2025,
DE,Germany,GC.AST.TOTL.GD.ZS,Govt Debt (% of GDP),2024,
DE,Germany,GC.AST.TOTL.GD.ZS,Govt Debt (% of GDP),2023,
DE,Germany,GC.AST.TOTL.GD.ZS,Govt Debt (% of GDP),2022,
DE,Germany,GC.AST.TOTL.GD.ZS,Govt Debt (% of GDP),2021,
DE,Germany,GC.AST.TOTL.GD.ZS,Govt Debt (% of GDP),2020,
GB,United Kingdom,GC.AST.TOTL.GD.ZS,Govt Debt (% of GDP),2025,
GB,United Kingdom,GC.AST.TOTL.GD.ZS,Govt Debt (% of GDP),2024,0.0247281289210512
GB,United Kingdom,GC.AST.TOTL.GD.ZS,Govt Debt (% of GDP),2023,0.500551565967726
GB,United Kingdom,GC.AST.TOTL.GD.ZS,Govt Debt (% of GDP),2022,-1.09405493870665
GB,United Kingdom,GC.AST.TOTL.GD.ZS,Govt Debt (% of GDP),2021,1.26222094398989
GB,United Kingdom,GC.AST.TOTL.GD.ZS,Govt Debt (% of GDP),2020,3.91260966150834
IN,India,GC.AST.TOTL.GD.ZS,Govt Debt (% of GDP),2025,
IN,India,GC.AST.TOTL.GD.ZS,Govt Debt (% of GDP),2024,
IN,India,GC.AST.TOTL.GD.ZS,Govt Debt (% of GDP),2023,
IN,India,GC.AST.TOTL.GD.ZS,Govt Debt (% of GDP),2022,1.48838740493255
IN,India,GC.AST.TOTL.GD.ZS,Govt Debt (% of GDP),2021,
IN,India,GC.AST.TOTL.GD.ZS,Govt Debt (% of GDP),2020,
JP,Japan,GC.AST.TOTL.GD.ZS,Govt Debt (% of GDP),2025,
JP,Japan,GC.AST.TOTL.GD.ZS,Govt Debt (% of GDP),2024,
JP,Japan,GC.AST.TOTL.GD.ZS,Govt Debt (% of GDP),2023,
JP,Japan,GC.AST.TOTL.GD.ZS,Govt Debt (% of GDP),2022,
JP,Japan,GC.AST.TOTL.GD.ZS,Govt Debt (% of GDP),2021,
JP,Japan,GC.AST.TOTL.GD.ZS,Govt Debt (% of GDP),2020,
SG,Singapore,GC.AST.TOTL.GD.ZS,Govt Debt (% of GDP),2025,
SG,Singapore,GC.AST.TOTL.GD.ZS,Govt Debt (% of GDP),2024,12.164056562502
SG,Singapore,GC.AST.TOTL.GD.ZS,Govt Debt (% of GDP),2023,14.6725874525573
SG,Singapore,GC.AST.TOTL.GD.ZS,Govt Debt (% of GDP),2022,3.54079942426392
SG,Singapore,GC.AST.TOTL.GD.ZS,Govt Debt (% of GDP),2021,13.4265628595766
SG,Singapore,GC.AST.TOTL.GD.ZS,Govt Debt (% of GDP),2020,7.86772307612887
US,United States,GC.AST.TOTL.GD.ZS,Govt Debt (% of GDP),2025,
US,United States,GC.AST.TOTL.GD.ZS,Govt Debt (% of GDP),2024,0.260411175324415
US,United States,GC.AST.TOTL.GD.ZS,Govt Debt (% of GDP),2023,0.970178289807061
US,United States,GC.AST.TOTL.GD.ZS,Govt Debt (% of GDP),2022,0.678025780769579
US,United States,GC.AST.TOTL.GD.ZS,Govt Debt (% of GDP),2021,-4.99410785249463
US,United States,GC.AST.TOTL.GD.ZS,Govt Debt (% of GDP),2020,8.07581430157573
ZA,South Africa,GC.AST.TOTL.GD.ZS,Govt Debt (% of GDP),2025,
ZA,South Africa,GC.AST.TOTL.GD.ZS,Govt Debt (% of GDP),2024,0.844410394181289
ZA,South Africa,GC.AST.TOTL.GD.ZS,Govt Debt (% of GDP),2023,-0.138107052029171
ZA,South Africa,GC.AST.TOTL.GD.ZS,Govt Debt (% of GDP),2022,0.0264272958160272
ZA,South Africa,GC.AST.TOTL.GD.ZS,Govt Debt (% of GDP),2021,-0.318598512578042
ZA,South Africa,GC.AST.TOTL.GD.ZS,Govt Debt (% of GDP),2020,2.64073733386689
AE,United Arab Emirates,BX.KLT.DINV.WD.GD.ZS,FDI Net Inflows (% of GDP),2025,
AE,United Arab Emirates,BX.KLT.DINV.WD.GD.ZS,FDI Net Inflows (% of GDP),2024,8.26261604873876
AE,United Arab Emirates,BX.KLT.DINV.WD.GD.ZS,FDI Net Inflows (% of GDP),2023,5.87183983564899
AE,United Arab Emirates,BX.KLT.DINV.WD.GD.ZS,FDI Net Inflows (% of GDP),2022,4.44591398367961
AE,United Arab Emirates,BX.KLT.DINV.WD.GD.ZS,FDI Net Inflows (% of GDP),2021,4.89230595097426
AE,United Arab Emirates,BX.KLT.DINV.WD.GD.ZS,FDI Net Inflows (% of GDP),2020,5.56735667729859
BR,Brazil,BX.KLT.DINV.WD.GD.ZS,FDI Net Inflows (% of GDP),2025,3.40696865505948
BR,Brazil,BX.KLT.DINV.WD.GD.ZS,FDI Net Inflows (% of GDP),2024,3.38960808548439
BR,Brazil,BX.KLT.DINV.WD.GD.ZS,FDI Net Inflows (% of GDP),2023,2.86383344298207
BR,Brazil,BX.KLT.DINV.WD.GD.ZS,FDI Net Inflows (% of GDP),2022,3.8680317970139
BR,Brazil,BX.KLT.DINV.WD.GD.ZS,FDI Net Inflows (% of GDP),2021,2.77979084938159
BR,Brazil,BX.KLT.DINV.WD.GD.ZS,FDI Net Inflows (% of GDP),2020,2.59263795310275
CN,China,BX.KLT.DINV.WD.GD.ZS,FDI Net Inflows (% of GDP),2025,0.410194399848574
CN,China,BX.KLT.DINV.WD.GD.ZS,FDI Net Inflows (% of GDP),2024,0.227695125306895
CN,China,BX.KLT.DINV.WD.GD.ZS,FDI Net Inflows (% of GDP),2023,0.280991103634816
CN,China,BX.KLT.DINV.WD.GD.ZS,FDI Net Inflows (% of GDP),2022,1.03841365474349
CN,China,BX.KLT.DINV.WD.GD.ZS,FDI Net Inflows (% of GDP),2021,1.8903454142588
CN,China,BX.KLT.DINV.WD.GD.ZS,FDI Net Inflows (% of GDP),2020,1.68770756292082
DE,Germany,BX.KLT.DINV.WD.GD.ZS,FDI Net Inflows (% of GDP),2025,1.88462297077013
DE,Germany,BX.KLT.DINV.WD.GD.ZS,FDI Net Inflows (% of GDP),2024,1.33680512940413
DE,Germany,BX.KLT.DINV.WD.GD.ZS,FDI Net Inflows (% of GDP),2023,1.99210813981277
DE,Germany,BX.KLT.DINV.WD.GD.ZS,FDI Net Inflows (% of GDP),2022,1.82269397984058
DE,Germany,BX.KLT.DINV.WD.GD.ZS,FDI Net Inflows (% of GDP),2021,2.93002168676674
DE,Germany,BX.KLT.DINV.WD.GD.ZS,FDI Net Inflows (% of GDP),2020,4.48523547812751
GB,United Kingdom,BX.KLT.DINV.WD.GD.ZS,FDI Net Inflows (% of GDP),2025,1.91447167382408
GB,United Kingdom,BX.KLT.DINV.WD.GD.ZS,FDI Net Inflows (% of GDP),2024,-0.350561573947678
GB,United Kingdom,BX.KLT.DINV.WD.GD.ZS,FDI Net Inflows (% of GDP),2023,0.403116734836793
GB,United Kingdom,BX.KLT.DINV.WD.GD.ZS,FDI Net Inflows (% of GDP),2022,2.91635435189931
GB,United Kingdom,BX.KLT.DINV.WD.GD.ZS,FDI Net Inflows (% of GDP),2021,3.20643815254935
GB,United Kingdom,BX.KLT.DINV.WD.GD.ZS,FDI Net Inflows (% of GDP),2020,5.77039185007421
IN,India,BX.KLT.DINV.WD.GD.ZS,FDI Net Inflows (% of GDP),2025,0.988285383995246
IN,India,BX.KLT.DINV.WD.GD.ZS,FDI Net Inflows (% of GDP),2024,0.721648483526777
IN,India,BX.KLT.DINV.WD.GD.ZS,FDI Net Inflows (% of GDP),2023,0.802254995836756
IN,India,BX.KLT.DINV.WD.GD.ZS,FDI Net Inflows (% of GDP),2022,1.53665241748393
IN,India,BX.KLT.DINV.WD.GD.ZS,FDI Net Inflows (% of GDP),2021,1.41217101040888
IN,India,BX.KLT.DINV.WD.GD.ZS,FDI Net Inflows (% of GDP),2020,2.40620322673636
JP,Japan,BX.KLT.DINV.WD.GD.ZS,FDI Net Inflows (% of GDP),2025,1.03278551644542
JP,Japan,BX.KLT.DINV.WD.GD.ZS,FDI Net Inflows (% of GDP),2024,0.450454817292247
JP,Japan,BX.KLT.DINV.WD.GD.ZS,FDI Net Inflows (% of GDP),2023,0.456297698647986
JP,Japan,BX.KLT.DINV.WD.GD.ZS,FDI Net Inflows (% of GDP),2022,1.08260095152642
JP,Japan,BX.KLT.DINV.WD.GD.ZS,FDI Net Inflows (% of GDP),2021,0.67025659122188
JP,Japan,BX.KLT.DINV.WD.GD.ZS,FDI Net Inflows (% of GDP),2020,1.20605775501323
SG,Singapore,BX.KLT.DINV.WD.GD.ZS,FDI Net Inflows (% of GDP),2025,26.3447254389071
SG,Singapore,BX.KLT.DINV.WD.GD.ZS,FDI Net Inflows (% of GDP),2024,23.5787255966584
SG,Singapore,BX.KLT.DINV.WD.GD.ZS,FDI Net Inflows (% of GDP),2023,24.607056245637
SG,Singapore,BX.KLT.DINV.WD.GD.ZS,FDI Net Inflows (% of GDP),2022,28.0305519383786
SG,Singapore,BX.KLT.DINV.WD.GD.ZS,FDI Net Inflows (% of GDP),2021,32.2624851402185
SG,Singapore,BX.KLT.DINV.WD.GD.ZS,FDI Net Inflows (% of GDP),2020,22.5843942948636
US,United States,BX.KLT.DINV.WD.GD.ZS,FDI Net Inflows (% of GDP),2025,1.30166689957978
US,United States,BX.KLT.DINV.WD.GD.ZS,FDI Net Inflows (% of GDP),2024,1.01391858895004
US,United States,BX.KLT.DINV.WD.GD.ZS,FDI Net Inflows (% of GDP),2023,1.30141768246586
US,United States,BX.KLT.DINV.WD.GD.ZS,FDI Net Inflows (% of GDP),2022,1.60006208497274
US,United States,BX.KLT.DINV.WD.GD.ZS,FDI Net Inflows (% of GDP),2021,2.01451214498067
US,United States,BX.KLT.DINV.WD.GD.ZS,FDI Net Inflows (% of GDP),2020,0.641236014628299
ZA,South Africa,BX.KLT.DINV.WD.GD.ZS,FDI Net Inflows (% of GDP),2025,-0.505823116244258
ZA,South Africa,BX.KLT.DINV.WD.GD.ZS,FDI Net Inflows (% of GDP),2024,0.580891709673066
ZA,South Africa,BX.KLT.DINV.WD.GD.ZS,FDI Net Inflows (% of GDP),2023,1.0127377916456
ZA,South Africa,BX.KLT.DINV.WD.GD.ZS,FDI Net Inflows (% of GDP),2022,2.26670277731613
ZA,South Africa,BX.KLT.DINV.WD.GD.ZS,FDI Net Inflows (% of GDP),2021,9.68098022663018
ZA,South Africa,BX.KLT.DINV.WD.GD.ZS,FDI Net Inflows (% of GDP),2020,0.933073684352391
AE,United Arab Emirates,BN.CAB.XOKA.GD.ZS,Current Account Balance (% of GDP),2025,
AE,United Arab Emirates,BN.CAB.XOKA.GD.ZS,Current Account Balance (% of GDP),2024,14.4792979326645
AE,United Arab Emirates,BN.CAB.XOKA.GD.ZS,Current Account Balance (% of GDP),2023,13.1295797567307
AE,United Arab Emirates,BN.CAB.XOKA.GD.ZS,Current Account Balance (% of GDP),2022,
AE,United Arab Emirates,BN.CAB.XOKA.GD.ZS,Current Account Balance (% of GDP),2021,
AE,United Arab Emirates,BN.CAB.XOKA.GD.ZS,Current Account Balance (% of GDP),2020,
BR,Brazil,BN.CAB.XOKA.GD.ZS,Current Account Balance (% of GDP),2025,-2.92630139201733
BR,Brazil,BN.CAB.XOKA.GD.ZS,Current Account Balance (% of GDP),2024,-2.9880142706208
BR,Brazil,BN.CAB.XOKA.GD.ZS,Current Account Balance (% of GDP),2023,-1.23139445763703
BR,Brazil,BN.CAB.XOKA.GD.ZS,Current Account Balance (% of GDP),2022,-2.14967698505073
BR,Brazil,BN.CAB.XOKA.GD.ZS,Current Account Balance (% of GDP),2021,-2.35822097223117
BR,Brazil,BN.CAB.XOKA.GD.ZS,Current Account Balance (% of GDP),2020,-1.64103541830151
CN,China,BN.CAB.XOKA.GD.ZS,Current Account Balance (% of GDP),2025,3.76972243689338
CN,China,BN.CAB.XOKA.GD.ZS,Current Account Balance (% of GDP),2024,2.46818591485776
CN,China,BN.CAB.XOKA.GD.ZS,Current Account Balance (% of GDP),2023,1.40681103517507
CN,China,BN.CAB.XOKA.GD.ZS,Current Account Balance (% of GDP),2022,2.20640460953834
CN,China,BN.CAB.XOKA.GD.ZS,Current Account Balance (% of GDP),2021,1.6339546037037
CN,China,BN.CAB.XOKA.GD.ZS,Current Account Balance (% of GDP),2020,1.49179592498582
DE,Germany,BN.CAB.XOKA.GD.ZS,Current Account Balance (% of GDP),2025,4.50585617378113
DE,Germany,BN.CAB.XOKA.GD.ZS,Current Account Balance (% of GDP),2024,5.89380863529108
DE,Germany,BN.CAB.XOKA.GD.ZS,Current Account Balance (% of GDP),2023,5.50327392607703
DE,Germany,BN.CAB.XOKA.GD.ZS,Current Account Balance (% of GDP),2022,4.11376375249819
DE,Germany,BN.CAB.XOKA.GD.ZS,Current Account Balance (% of GDP),2021,6.92006966375342
DE,Germany,BN.CAB.XOKA.GD.ZS,Current Account Balance (% of GDP),2020,6.34782686016016
GB,United Kingdom,BN.CAB.XOKA.GD.ZS,Current Account Balance (% of GDP),2025,-2.42693271936225
GB,United Kingdom,BN.CAB.XOKA.GD.ZS,Current Account Balance (% of GDP),2024,-2.95960422411904
GB,United Kingdom,BN.CAB.XOKA.GD.ZS,Current Account Balance (% of GDP),2023,-3.57676183842871
GB,United Kingdom,BN.CAB.XOKA.GD.ZS,Current Account Balance (% of GDP),2022,-2.06737101121871
GB,United Kingdom,BN.CAB.XOKA.GD.ZS,Current Account Balance (% of GDP),2021,-0.752836357784013
GB,United Kingdom,BN.CAB.XOKA.GD.ZS,Current Account Balance (% of GDP),2020,-2.92883387550299
IN,India,BN.CAB.XOKA.GD.ZS,Current Account Balance (% of GDP),2025,-0.416854153498652
IN,India,BN.CAB.XOKA.GD.ZS,Current Account Balance (% of GDP),2024,-0.851289719084462
IN,India,BN.CAB.XOKA.GD.ZS,Current Account Balance (% of GDP),2023,-0.912777939495827
IN,India,BN.CAB.XOKA.GD.ZS,Current Account Balance (% of GDP),2022,-2.43238270956779
IN,India,BN.CAB.XOKA.GD.ZS,Current Account Balance (% of GDP),2021,-1.05524166809383
IN,India,BN.CAB.XOKA.GD.ZS,Current Account Balance (% of GDP),2020,1.22362111042791
JP,Japan,BN.CAB.XOKA.GD.ZS,Current Account Balance (% of GDP),2025,4.86496093471918
JP,Japan,BN.CAB.XOKA.GD.ZS,Current Account Balance (% of GDP),2024,4.62202410018024
JP,Japan,BN.CAB.XOKA.GD.ZS,Current Account Balance (% of GDP),2023,3.61127531871255
JP,Japan,BN.CAB.XOKA.GD.ZS,Current Account Balance (% of GDP),2022,2.0281112293848
JP,Japan,BN.CAB.XOKA.GD.ZS,Current Account Balance (% of GDP),2021,3.76057343034324
JP,Japan,BN.CAB.XOKA.GD.ZS,Current Account Balance (% of GDP),2020,2.8911777788158
SG,Singapore,BN.CAB.XOKA.GD.ZS,Current Account Balance (% of GDP),2025,16.7132387250529
SG,Singapore,BN.CAB.XOKA.GD.ZS,Current Account Balance (% of GDP),2024,17.2010838902762
SG,Singapore,BN.CAB.XOKA.GD.ZS,Current Account Balance (% of GDP),2023,16.3916456531586
SG,Singapore,BN.CAB.XOKA.GD.ZS,Current Account Balance (% of GDP),2022,18.9227008880076
SG,Singapore,BN.CAB.XOKA.GD.ZS,Current Account Balance (% of GDP),2021,19.2527773366463
SG,Singapore,BN.CAB.XOKA.GD.ZS,Current Account Balance (% of GDP),2020,17.6975168735289
US,United States,BN.CAB.XOKA.GD.ZS,Current Account Balance (% of GDP),2025,-3.62698693844919
US,United States,BN.CAB.XOKA.GD.ZS,Current Account Balance (% of GDP),2024,-4.04564637199117
US,United States,BN.CAB.XOKA.GD.ZS,Current Account Balance (% of GDP),2023,-3.33680827263036
US,United States,BN.CAB.XOKA.GD.ZS,Current Account Balance (% of GDP),2022,-3.81177015326345
US,United States,BN.CAB.XOKA.GD.ZS,Current Account Balance (% of GDP),2021,-3.61901225446136
US,United States,BN.CAB.XOKA.GD.ZS,Current Account Balance (% of GDP),2020,-2.77659039897534
ZA,South Africa,BN.CAB.XOKA.GD.ZS,Current Account Balance (% of GDP),2025,-0.422766754018983
ZA,South Africa,BN.CAB.XOKA.GD.ZS,Current Account Balance (% of GDP),2024,-0.64279979707505
ZA,South Africa,BN.CAB.XOKA.GD.ZS,Current Account Balance (% of GDP),2023,-1.10356312207881
ZA,South Africa,BN.CAB.XOKA.GD.ZS,Current Account Balance (% of GDP),2022,-0.296182598127432
ZA,South Africa,BN.CAB.XOKA.GD.ZS,Current Account Balance (% of GDP),2021,3.7724136934501
ZA,South Africa,BN.CAB.XOKA.GD.ZS,Current Account Balance (% of GDP),2020,2.00352275153333
